Unnamed: 0,compound,flashpoint,pure substance,smiles,source
8,"Ethane, 1,1-diethoxy-",286.1,1,CCOC(C)OCC,didier14
161,"Cyclohexane, 1,4-dimethyl-, cis-",284.3,1,C[C@H]1CC[C@@H](C)CC1,didier14
211,p-DIMETHYLAMINOBENZALDEHYDE,420.1,1,CN(C)c1ccc(C=O)cc1,didier14
212,p-DIISOPROPYLBENZENE,354.1,1,CC(C)c1ccc(C(C)C)cc1,didier14
213,3-METHYLUNDECANE,344.0,1,CCCCCCCCC(C)CC,didier14
214,n-PENTADECANOIC ACID,454.0,1,CCCCCCCCCCCCCCC(=O)O,didier14
215,DIETHYLETHANOLAMINE,321.1,1,CCN(CC)CCO,didier14
216,STYRENE,305.0,1,C=Cc1ccccc1,didier14
218,BENZYLAMINE,333.1,1,NCc1ccccc1,didier14
220,BENZYL ALCOHOL,366.1,1,OCc1ccccc1,didier14
222,BENZYL MERCAPTAN,343.1,1,SCc1ccccc1,didier14
223,NICOTINONITRILE,357.1,1,N#Cc1cccnc1,didier14
225,METHYL PHENYL SULFIDE,342.0,1,CSc1ccccc1,didier14
227,"1,4-DI-tert-BUTYLBENZENE",361.0,1,CC(C)(C)c1ccc(C(C)(C)C)cc1,didier14
228,DIPHENYLMETHANE,403.1,1,c1ccc(Cc2ccccc2)cc1,didier14
229,"1,3,5-TRIETHYLBENZENE",354.1,1,CCc1cc(CC)cc(CC)c1,didier14
230,TRIPROPYLAMINE,302.0,1,CCCN(CCC)CCC,didier14
231,TRIALLYLAMINE,304.0,1,C=CCN(CC=C)CC=C,didier14
232,TRI-n-BUTYLAMINE,359.3,1,CCCCN(CCCC)CCCC,didier14
233,2-ETHYLHEXYL ACETATE,344.1,1,CCCCC(CC)COC(C)=O,didier14
234,2-ETHYLHEXYL ACRYLATE,355.1,1,C=CC(=O)OCC(CC)CCCC,didier14
235,"1,2-DIPHENYLETHANE",402.0,1,c1ccc(CCc2ccccc2)cc1,didier14
238,PHENETOLE,325.0,1,CCOc1ccccc1,didier14
241,BENZYL FORMATE,355.0,1,O=COCc1ccccc1,didier14
245,2-METHYL-1-UNDECANOL,392.0,1,CCCCCCCCCC(C)CO,didier14
250,3-OCTANONE,316.1,1,CCCCCC(=O)CC,didier14
251,n-BUTANE,199.2,1,CCCC,didier14
253,ACROLEIN,247.2,1,C=CC=O,didier14
254,3-CHLOROPROPENE,241.2,1,C=CCCl,didier14
256,ALLYLAMINE,244.3,1,C=CCN,didier14
257,ACRYLONITRILE,273.1,1,C=CC#N,didier14
260,"2,6-DIMETHYLHEPTANE",299.0,1,CC(C)CCCC(C)C,didier14
261,METHYL VINYL ETHER,217.2,1,C=COC,didier14
263,METHYL FORMATE,254.0,1,COC=O,didier14
264,"2,4,4-TRIMETHYL-1-PENTENE",267.1,1,C=C(C)CC(C)(C)C,didier14
265,"2,4,4-TRIMETHYL-2-PENTENE",272.1,1,CC(C)=CC(C)(C)C,didier14
267,1-METHYL-3-n-PROPYLBENZENE,325.0,1,CCCc1cccc(C)c1,didier14
269,DI-tert-BUTYL SULFIDE,300.0,1,CC(C)(C)SC(C)(C)C,didier14
270,2-METHYLPENTANE,238.0,1,CCCC(C)C,didier14
271,trans-CROTONIC ACID,368.0,1,C/C=C/C(=O)O,didier14
272,DIMETHYLETHANOLAMINE,314.1,1,CN(C)CCO,didier14
273,VINYL ACETATE,265.0,1,C=COC(C)=O,didier14
275,n-NONYLBENZENE,372.0,1,CCCCCCCCCc1ccccc1,didier14
276,ISOPROPYL ACETATE,275.0,1,CC(=O)OC(C)C,didier14
277,1-METHYLVINYL ACETATE,283.0,1,C=C(C)OC(C)=O,didier14
280,ETHYL ISOVALERATE,298.1,1,CCOC(=O)CC(C)C,didier14
282,"2,4,6-TRIMETHYLPYRIDINE",330.1,1,Cc1cc(C)nc(C)c1,didier14
283,"2,6-DIMETHYL-4-HEPTANOL",339.0,1,CC(C)CC(O)CC(C)C,didier14
284,MONOCHLOROBENZENE,305.0,1,Clc1ccccc1,didier14
285,PHENYL MERCAPTAN,346.1,1,Sc1ccccc1,didier14
288,VINYLACETONITRILE,296.1,1,C=CCC#N,didier14
289,DIVINYL ETHER,226.2,1,C=COC=C,didier14
290,ETHYL FORMATE,253.2,1,CCOC=O,didier14
291,DI-tert-BUTYL DISULFIDE,337.1,1,CC(C)(C)SSC(C)(C)C,didier14
293,ISOPROPYL MYRISTATE,423.0,1,CCCCCCCCCCCCCC(=O)OC(C)C,didier14
297,DIETHYL DISULFIDE,313.1,1,CCSSCC,didier14
300,DI-n-PROPYL SULFIDE,301.0,1,CCCSCCC,didier14
302,TRI-n-OCTYLAMINE,457.0,1,CCCCCCCCN(CCCCCCCC)CCCCCCCC,didier14
304,1-HEPTANOL,345.0,1,CCCCCCCO,didier14
305,METHYL DODECANOATE,391.0,1,CCCCCCCCCCCC(=O)OC,didier14
306,n-OCTYLAMINE,333.0,1,CCCCCCCCN,didier14
309,DI-n-OCTYLAMINE,383.1,1,CCCCCCCCNCCCCCCCC,didier14
310,n-NONANOIC ACID,401.0,1,CCCCCCCCC(=O)O,didier14
311,n-HEPTYL ACETATE,340.0,1,CCCCCCCOC(C)=O,didier14
312,n-NONYLAMINE,335.1,1,CCCCCCCCCN,didier14
314,n-UNDECANOIC ACID,421.1,1,CCCCCCCCCCC(=O)O,didier14
318,METHYL OLEATE,450.0,1,CCCCCCCC/C=C\CCCCCCCC(=O)OC,didier14
319,1-TRIDECANOL,394.0,1,CCCCCCCCCCCCCO,didier14
322,n-EICOSANE,440.0,1,CCCCCCCCCCCCCCCCCCCC,didier14
323,ISOBUTENE,197.0,1,C=C(C)C,didier14
324,2-METHYLBUTYRIC ACID,348.0,1,CCC(C)C(=O)O,didier14
326,o-TOLUIC ACID,407.0,1,Cc1ccccc1C(=O)O,didier14
328,BENZYL BENZOATE,418.1,1,O=C(OCc1ccccc1)c1ccccc1,didier14
329,DIPHENYLAMINE,426.0,1,c1ccc(Nc2ccccc2)cc1,didier14
331,n-DODECYLBENZENE,414.0,1,CCCCCCCCCCCCc1ccccc1,didier14
333,2-ETHYLHEXANAL,317.1,1,CCCCC(C=O)CC,didier14
334,"2,6,8-TRIMETHYL-4-NONANONE",356.0,1,CC(C)CC(=O)CC(C)CC(C)C,didier14
335,PROPIONIC ANHYDRIDE,336.0,1,CCC(=O)OC(=O)CC,didier14
336,trans-CROTONALDEHYDE,281.1,1,C/C=C/C=O,didier14
337,ISOPENTYL ACETATE,298.1,1,CC(=O)OCCC(C)C,didier14
340,METHACRYLONITRILE,286.0,1,C=C(C)C#N,didier14
341,"2,6-DI-tert-BUTYL-p-CRESOL",390.1,1,Cc1cc(C(C)(C)C)c(O)c(C(C)(C)C)c1,didier14
343,7-METHYL-1-OCTENE,291.0,1,C=CCCCCC(C)C,didier14
345,METHYL t-PENTYL SULFIDE,302.0,1,CCC(C)(C)SC,didier14
347,n-BUTYL BENZOATE,379.1,1,CCCCOC(=O)c1ccccc1,didier14
348,CINNAMIC ACID,445.0,1,O=C(O)C=Cc1ccccc1,didier14
350,PHENYLACETONITRILE,374.1,1,N#CCc1ccccc1,didier14
352,ETHYL ACRYLATE,282.1,1,C=CC(=O)OCC,didier14
353,n-BUTYL ACRYLATE,312.0,1,C=CC(=O)OCCCC,didier14
354,tert-OCTYL MERCAPTAN,304.0,1,CC(C)(C)CC(C)(C)S,didier14
357,n-HEXYL ACETATE,310.1,1,CCCCCCOC(C)=O,didier14
358,DI-n-BUTYL ETHER,298.1,1,CCCCOCCCC,didier14
360,1-NONADECANOL,458.0,1,CCCCCCCCCCCCCCCCCCCO,didier14
361,1-HEPTADECANOL,441.0,1,CCCCCCCCCCCCCCCCCO,didier14
362,n-NONYL MERCAPTAN,351.1,1,CCCCCCCCCS,didier14
363,n-HEXADECYLBENZENE,466.0,1,CCCCCCCCCCCCCCCCc1ccccc1,didier14
364,n-TETRADECYLBENZENE,447.0,1,CCCCCCCCCCCCCCc1ccccc1,didier14
367,METHYL ISOPROPYL SULFIDE,262.0,1,CSC(C)C,didier14
368,p-PHENETIDINE,389.0,1,CCOc1ccc(N)cc1,didier14
370,"cis-1,3-PENTADIENE",232.0,1,C=C/C=C\C,didier14
371,cis-CROTONALDEHYDE,281.1,1,C/C=C\C=O,didier14
373,"2,5-DIMETHYLOCTANE",306.0,1,CCCC(C)CCC(C)C,didier14
374,2-METHYL-1-HEPTENE,283.1,1,C=C(C)CCCCC,didier14
375,p-ISOPROPENYLSTYRENE,360.0,1,C=Cc1ccc(C(=C)C)cc1,didier14
377,"1,9-DECADIENE",316.0,1,C=CCCCCCCC=C,didier14
380,"1,2-DIMETHYL-3-PROPYLBENZENE",345.0,1,CCCc1cccc(C)c1C,didier14
382,2-ETHYL-p-XYLENE,329.0,1,CCc1cc(C)ccc1C,didier14
384,N-ETHYL-2-METHYLALLYLAMINE,280.1,1,C=C(C)CNCC,didier14
386,ISOPROPYL BUTYL ETHER,277.0,1,CCCCOC(C)C,didier14
387,"2,3-DIMETHYL-2,3-DIPHENYLBUTANE",412.0,1,CC(C)(c1ccccc1)C(C)(C)c1ccccc1,didier14
388,1-ETHYL-2-ISOPROPYLBENZENE,331.0,1,CCc1ccccc1C(C)C,didier14
389,1-METHYL-3-(METHYLETHOXY)BENZENE,339.0,1,Cc1cccc(OC(C)C)c1,didier14
390,3-METHYLHEXANAL,303.0,1,CCCC(C)CC=O,didier14
393,n-TETRADECYLAMINE,406.0,1,CCCCCCCCCCCCCCN,didier14
394,n-DECYLAMINE,358.1,1,CCCCCCCCCCN,didier14
397,cis-2-DECENE,320.0,1,C/C=C\CCCCCCC,didier14
398,DIAMYLAMINE,325.1,1,CCCCCNCCCCC,didier14
399,"2,6-DIMETHYLOCTANE",307.0,1,CCC(C)CCCC(C)C,didier14
400,2-PENTANETHIOL,282.5,1,CCCC(C)S,didier14
401,2-BUTYL-1-DECANOL,422.0,1,CCCCCCCCC(CO)CCCC,didier14
405,2-METHYL-DODECAN-1-OL,404.0,1,CCCCCCCCCCC(C)CO,didier14
406,n-PROPYL BENZOATE,371.1,1,CCCOC(=O)c1ccccc1,didier14
407,1-TRIDECENE,352.1,1,C=CCCCCCCCCCCC,didier14
408,DINONYL ETHER,430.0,1,CCCCCCCCCOCCCCCCCCC,didier14
412,4-HYDROXYSTYRENE,377.0,1,C=Cc1ccc(O)cc1,didier14
413,8-METHYL-1-NONENE,316.0,1,C=CCCCCCC(C)C,didier14
414,DI-n-OCTYL SULFIDE,428.0,1,CCCCCCCCSCCCCCCCC,didier14
415,2-ETHYL-m-XYLENE,331.0,1,CCc1c(C)cccc1C,didier14
416,PYRIMIDINE,304.1,1,c1cncnc1,didier14
418,sec-BUTYL ACRYLATE,299.6,1,C=CC(=O)OC(C)CC,didier14
419,2-METHYLOCTANOIC ACID,391.0,1,CCCCCCC(C)C(=O)O,didier14
422,1-METHYL-3-HYDROXY-5-ISOPROPYL BENZENE,383.1,1,Cc1cc(O)cc(C(C)C)c1,didier14
423,2-METHYL-1-TRIDECANOL,422.0,1,CCCCCCCCCCCC(C)CO,didier14
426,ISOBUTYL-tert-BUTYL ETHER,276.0,1,CC(C)COC(C)(C)C,didier14
427,VINYL PIVALATE,282.1,1,C=COC(=O)C(C)(C)C,didier14
428,3-ETHYL-1-HEXENE,274.0,1,C=CC(CC)CCC,didier14
430,1-EICOSENE,440.0,1,C=CCCCCCCCCCCCCCCCCCC,didier14
431,p-ETHYLSTYRENE,334.0,1,C=Cc1ccc(CC)cc1,didier14
432,5-METHYL-1-HEXENE,257.0,1,C=CCCC(C)C,didier14
434,DIETHYL SULFIDE,263.1,1,CCSCC,didier14
435,1-HEXADECANOL,427.1,1,CCCCCCCCCCCCCCCCO,didier14
436,ETHYL n-OCTYL SULFIDE,366.0,1,CCCCCCCCSCC,didier14
439,4-METHYL-1-OCTANOL,358.0,1,CCCCC(C)CCCO,didier14
441,METHYL n-PROPYL SULFIDE,270.0,1,CCCSC,didier14
442,"1,2,3,5-TETRAETHYLBENZENE",376.0,1,CCc1cc(CC)c(CC)c(CC)c1,didier14
445,3-ETHYL-1-PENTENE,256.0,1,C=CC(CC)CC,didier14
446,trans-2-HEXENE,246.0,1,C/C=C/CCC,didier14
447,"1,2,3-TRIETHYLBENZENE",352.0,1,CCc1cccc(CC)c1CC,didier14
448,trans-2-EICOSENE,420.0,1,C/C=C/CCCCCCCCCCCCCCCCC,didier14
449,"2,2,4,4,6,8,8-HEPTAMETHYLNONANE",368.1,1,CC(CC(C)(C)C)CC(C)(C)CC(C)(C)C,didier14
450,n-OCTADECYLBENZENE,480.0,1,CCCCCCCCCCCCCCCCCCc1ccccc1,didier14
452,2-METHYLHEXANOIC ACID,375.0,1,CCCCC(C)C(=O)O,didier14
453,2-METHYL-1-OCTENE,296.0,1,C=C(C)CCCCCC,didier14
454,NEOPENTANE,201.0,1,CC(C)(C)C,didier14
456,6-METHYL-1-HEPTENE,276.0,1,C=CCCCC(C)C,didier14
457,cis-CROTONIC ACID,352.0,1,C/C=C\C(=O)O,didier14
458,n-HEPTADECANOIC ACID,469.0,1,CCCCCCCCCCCCCCCCC(=O)O,didier14
459,n-BUTYL NONANOATE,361.0,1,CCCCCCCCC(=O)OCCCC,didier14
460,n-EICOSANIC ACID,490.0,1,CCCCCCCCCCCCCCCCCCCC(=O)O,didier14
461,tert-BUTYL CHLORIDE,268.1,1,CC(C)(C)Cl,didier14
462,sec-BUTYL MERCAPTAN,250.2,1,CCC(C)S,didier14
463,"2,3-DIMETHYL-1,3-BUTADIENE",251.2,1,C=C(C)C(=C)C,didier14
466,"cis,trans-2,4-HEXADIENE",266.1,1,C/C=C\C=C\C,didier14
467,"trans,trans-2,4-HEXADIENE",266.1,1,C/C=C/C=C/C,didier14
468,TRIPHENYLMETHANE,449.0,1,c1ccc(C(c2ccccc2)c2ccccc2)cc1,didier14
470,o-CYMENE,326.1,1,Cc1ccccc1C(C)C,didier14
471,o-TOLUALDEHYDE,340.1,1,Cc1ccccc1C=O,didier14
472,UNDECYL MERCAPTAN,381.0,1,CCCCCCCCCCCS,didier14
473,m-CYMENE,323.1,1,Cc1cccc(C(C)C)c1,didier14
476,PROPYL CHLORIDE,255.4,1,CCCCl,didier14
477,METHYL ETHYL ETHER,236.0,1,CCOC,didier14
478,"2,2,4-TRIMETHYLPENTANE",261.0,1,CC(C)CC(C)(C)C,didier14
479,tert-BUTYL ACETATE,287.2,1,CC(=O)OC(C)(C)C,didier14
480,ETHYL CHLOROFORMATE,275.1,1,CCOC(=O)Cl,didier14
481,DIISOPENTYLSULFIDE,352.0,1,CC(C)CCSCCC(C)C,didier14
482,DI-n-BUTYL SULFIDE,331.0,1,CCCCSCCCC,didier14
484,n-DECYL FORMATE,367.0,1,CCCCCCCCCCOC=O,didier14
486,8-METHYL-1-NONANOL,377.6,1,CC(C)CCCCCCCO,didier14
487,METHYL n-PROPYL ETHER,232.0,1,CCCOC,didier14
488,2-CHLOROPROPENE,239.2,1,C=C(C)Cl,didier14
490,"3,3-DIMETHYLHEXANE",272.0,1,CCCC(C)(C)CC,didier14
493,"2,3-DIMETHYLPENTANE",258.0,1,CCC(C)C(C)C,didier14
494,n-HEXADECANOIC ACID,461.0,1,CCCCCCCCCCCCCCCC(=O)O,didier14
495,ETHYL n-HEXYL ETHER,303.0,1,CCCCCCOCC,didier14
496,o-ETHYLANILINE,364.1,1,CCc1ccccc1N,didier14
497,"2,6-DIETHYLANILINE",396.1,1,CCc1cccc(CC)c1N,didier14
498,"2,3-DIMETHYLHEXANE",278.5,1,CCCC(C)C(C)C,didier14
500,TRIPHENYLETHYLENE,474.0,1,C(=C(c1ccccc1)c1ccccc1)c1ccccc1,didier14
502,3-HEXANONE,287.1,1,CCCC(=O)CC,didier14
504,4-OCTANONE,318.1,1,CCCCC(=O)CCC,didier14
505,cis-2-BUTENE,203.0,1,C/C=C\C,didier14
506,"2,2-DIMETHYLPENTANE",258.1,1,CCCC(C)(C)C,didier14
507,"2,2-DIMETHYLHEXANE",269.0,1,CCCCC(C)(C)C,didier14
508,3-METHYLBUTYRALDEHYDE,268.0,1,CC(C)CC=O,didier14
509,n-BUTYL VALERATE,336.0,1,CCCCOC(=O)CCCC,didier14
511,"1,4-PENTADIENE",218.0,1,C=CCC=C,didier14
512,"1,5-HEXADIENE",227.2,1,C=CCCC=C,didier14
514,n-BUTYL FORMATE,291.0,1,CCCCOC=O,didier14
515,DIALLYL SULFIDE,319.1,1,C=CCSCC=C,didier14
516,n-OCTADECANE,438.1,1,CCCCCCCCCCCCCCCCCC,didier14
520,METHYL ISOPROPYL ETHER,225.0,1,COC(C)C,didier14
522,2-PHENYLETHANOL,369.0,1,OCCc1ccccc1,didier14
525,2-METHYL-3-ETHYLPENTANE,275.0,1,CCC(CC)C(C)C,didier14
527,"1,1-DIPHENYLETHANE",402.0,1,CC(c1ccccc1)c1ccccc1,didier14
529,"N,N-DIETHYLMETHYLAMINE",250.0,1,CCN(C)CC,didier14
530,3-ETHYLPENTANE,261.0,1,CCC(CC)CC,didier14
531,2-PHENYL-2-PROPANOL,360.1,1,CC(C)(O)c1ccccc1,didier14
532,"1,2,3-TRIMETHYL-4-ETHYLBENZENE",346.0,1,CCc1ccc(C)c(C)c1C,didier14
534,m-ETHYLPHENOL,367.1,1,CCc1cccc(O)c1,didier14
535,m-TOLUALDEHYDE,351.1,1,Cc1cccc(C=O)c1,didier14
536,TRIAMYLAMINE,376.0,1,CCCCCN(CCCCC)CCCCC,didier14
537,p-METHYLSTYRENE,319.0,1,C=Cc1ccc(C)cc1,didier14
538,2-METHYL-2-PENTENAL,304.1,1,CCC=C(C)C=O,didier14
539,2-METHYL-1-HEXANOL,333.0,1,CCCCC(C)CO,didier14
540,ETHYL ISOAMYL KETONE,318.0,1,CCC(=O)CCC(C)C,didier14
541,trans-2-BUTENE,201.0,1,C/C=C/C,didier14
542,DIMETHYL DISULFIDE,280.0,1,CSSC,didier14
543,2-METHYL-2-PENTENE,246.0,1,CCC=C(C)C,didier14
545,ETHYL ISOPROPYL ETHER,228.0,1,CCOC(C)C,didier14
546,ETHYL ISOBUTYL ETHER,259.0,1,CCOCC(C)C,didier14
548,"2,5-DIMETHYL-1,5-HEXADIENE",280.0,1,C=C(C)CCC(=C)C,didier14
549,5-METHYL-1-HEXANOL,340.0,1,CC(C)CCCCO,didier14
550,METHYL n-BUTYL ETHER,263.1,1,CCCCOC,didier14
551,DIISOBUTYL ETHER,281.1,1,CC(C)COCC(C)C,didier14
552,METHYL n-PENTYL ETHER,271.0,1,CCCCCOC,didier14
555,DI-n-PROPYL DISULFIDE,339.1,1,CCCSSCCC,didier14
556,n-HEXYL FORMATE,317.0,1,CCCCCCOC=O,didier14
558,1-PENTADECANOL,424.0,1,CCCCCCCCCCCCCCCO,didier14
559,DI-n-OCTYL ETHER,385.1,1,CCCCCCCCOCCCCCCCC,didier14
560,n-HENEICOSANE,450.0,1,CCCCCCCCCCCCCCCCCCCCC,didier14
561,1-EICOSANOL,467.0,1,CCCCCCCCCCCCCCCCCCCCO,didier14
562,n-DOCOSANE,458.0,1,CCCCCCCCCCCCCCCCCCCCCC,didier14
563,n-PENTACOSANE,475.0,1,CCCCCCCCCCCCCCCCCCCCCCCCC,didier14
566,"1,1,2,2-TETRAPHENYLETHANE",448.0,1,c1ccc(C(c2ccccc2)C(c2ccccc2)c2ccccc2)cc1,didier14
567,TETRAPHENYLETHYLENE,538.0,1,c1ccc(C(=C(c2ccccc2)c2ccccc2)c2ccccc2)cc1,didier14
568,4-ISOBUTYLSTYRENE,373.0,1,C=Cc1ccc(CC(C)C)cc1,didier14
569,tert-BUTYL ETHYL ETHER,254.0,1,CCOC(C)(C)C,didier14
571,n-TRIDECANOIC ACID,438.0,1,CCCCCCCCCCCCC(=O)O,didier14
572,n-TRICOSANE,467.0,1,CCCCCCCCCCCCCCCCCCCCCCC,didier14
573,FORMIC ACID,321.1,1,O=CO,didier14
574,n-PROPYL ISOBUTYRATE,302.0,1,CCCOC(=O)C(C)C,didier14
575,cis-STILBENE,394.0,1,C(=C\c1ccccc1)\c1ccccc1,didier14
576,2-ETHYL-2-HEXENAL,341.1,1,CCCC=C(C=O)CC,didier14
577,n-NONADECANOIC ACID,483.0,1,CCCCCCCCCCCCCCCCCCC(=O)O,didier14
578,n-TETRACOSANE,475.0,1,CCCCCCCCCCCCCCCCCCCCCCCC,didier14
579,ISOPENTYL ISOVALERATE,345.0,1,CC(C)CCOC(=O)CC(C)C,didier14
581,n-UNDECYLBENZENE,417.0,1,CCCCCCCCCCCc1ccccc1,didier14
582,4-METHYL-trans-2-PENTENE,239.0,1,C/C=C/C(C)C,didier14
584,1-HEPTADECENE,408.0,1,C=CCCCCCCCCCCCCCCC,didier14
585,METHYL sec-BUTYL ETHER,244.0,1,CCC(C)OC,didier14
588,4-METHYL-1-PENTENE,234.0,1,C=CCC(C)C,didier14
591,DI-n-PENTYL ETHER,330.1,1,CCCCCOCCCCC,didier14
592,1-PHENYL-2-PROPANOL,358.1,1,CC(O)Cc1ccccc1,didier14
594,"2,3-DIMETHYLOCTANE",309.0,1,CCCCCC(C)C(C)C,didier14
595,trans-2-DODECENE,351.0,1,C/C=C/CCCCCCCCC,didier14
597,UNDECYLAMINE,365.1,1,CCCCCCCCCCCN,didier14
598,p-tert-BUTYL ETHYLBENZENE,343.0,1,CCc1ccc(C(C)(C)C)cc1,didier14
599,1-(4-ETHYLPHENYL)-2-PHENYLETHANE,404.0,1,CCc1ccc(CCc2ccccc2)cc1,didier14
600,trans-2-PENTADECENE,396.0,1,C/C=C/CCCCCCCCCCCC,didier14
602,METHYL MERCAPTAN,217.0,1,CS,didier14
603,ETHYL CHLORIDE,223.2,1,CCCl,didier14
605,ETHYLAMINE,228.0,1,CCN,didier14
608,ISOBUTANE,190.2,1,CC(C)C,didier14
609,ACETYL CHLORIDE,278.0,1,CC(=O)Cl,didier14
613,"2,2-DIMETHYL-1-PROPANOL",300.0,1,CC(C)(C)CO,didier14
614,NEOPENTANOIC ACID,336.1,1,CC(C)(C)C(=O)O,didier14
616,tert-BUTYL FORMATE,264.1,1,CC(C)(C)OC=O,didier14
617,2-METHYL-1-PENTENE,241.0,1,C=C(C)CCC,didier14
618,"2,5-DIMETHYL-2,4-HEXADIENE",297.1,1,CC(C)=CC=C(C)C,didier14
619,cis-3-HEXENE,245.0,1,CC/C=C\CC,didier14
621,cis-1-PROPENYLBENZENE,311.0,1,C/C=C\c1ccccc1,didier14
623,alpha-METHYLBENZYL ALCOHOL FORMATE,349.0,1,CC(OC=O)c1ccccc1,didier14
624,2-METHYL OCTANAL,328.0,1,CCCCCCC(C)C=O,didier14
625,ISOPROPYL ISOBUTYL ETHER,268.0,1,CC(C)COC(C)C,didier14
626,ISOPENTANE,217.2,1,CCC(C)C,didier14
628,2-METHYLPROPANAL,266.0,1,CC(C)C=O,didier14
631,"1,1-DICHLOROPROPANE",280.0,1,CCC(Cl)Cl,didier14
632,PROPIONIC ACID,328.0,1,CCC(=O)O,didier14
633,ACRYLIC ACID,324.0,1,C=CC(=O)O,didier14
636,p-tert-AMYLPHENOL,384.0,1,CCC(C)(C)c1ccc(O)cc1,didier14
638,METHYL ISOPROPENYL KETONE,294.1,1,C=C(C)C(C)=O,didier14
639,1-UNDECENE,327.0,1,C=CCCCCCCCCC,didier14
640,trans-1-PROPENYLBENZENE,325.1,1,C/C=C/c1ccccc1,didier14
641,4-ETHYL-m-XYLENE,330.0,1,CCc1ccc(C)cc1C,didier14
642,"1,2,4-TRIETHYLBENZENE",353.1,1,CCc1ccc(CC)c(CC)c1,didier14
645,DIPHENYL DISULFIDE,436.0,1,c1ccc(SSc2ccccc2)cc1,didier14
646,THYMOL,374.1,1,Cc1ccc(C(C)C)c(O)c1,didier14
648,m-TERPHENYL,464.0,1,c1ccc(-c2cccc(-c3ccccc3)c2)cc1,didier14
653,"N,N-DIMETHYL-n-BUTYLAMINE",270.1,1,CCCCN(C)C,didier14
654,3-ETHYL-o-XYLENE,338.1,1,CCc1cccc(C)c1C,didier14
656,4-ETHYL-o-XYLENE,331.0,1,CCc1ccc(C)c(C)c1,didier14
658,1-PHENYL-1-PROPANOL,363.1,1,CCC(O)c1ccccc1,didier14
659,METHYL BENZOATE,355.1,1,COC(=O)c1ccccc1,didier14
661,o-CHLOROTOLUENE,324.0,1,Cc1ccccc1Cl,didier14
662,"3,4-XYLENOL",376.0,1,Cc1ccc(O)cc1C,didier14
663,ALLYL METHACRYLATE,306.1,1,C=CCOC(=O)C(=C)C,didier14
664,3-METHYLPENTANE,241.0,1,CCC(C)CC,didier14
665,2-METHYLBUTYRALDEHYDE,271.0,1,CCC(C)C=O,didier14
668,ISOBUTYL ISOBUTYRATE,311.1,1,CC(C)COC(=O)C(C)C,didier14
669,ISOBUTYL METHACRYLATE,314.1,1,C=C(C)C(=O)OCC(C)C,didier14
672,p-tert-BUTYLPHENOL,386.0,1,CC(C)(C)c1ccc(O)cc1,didier14
673,CUMENE,304.1,1,CC(C)c1ccccc1,didier14
674,alpha-METHYLSTYRENE,313.1,1,C=C(C)c1ccccc1,didier14
676,BENZOYL CHLORIDE,345.0,1,O=C(Cl)c1ccccc1,didier14
677,m-DIISOPROPYLBENZENE,349.8,1,CC(C)c1cccc(C(C)C)c1,didier14
682,p-DINITROBENZENE,433.0,1,O=[N+]([O-])c1ccc([N+](=O)[O-])cc1,didier14
688,DICYCLOHEXYLAMINE,377.0,1,C1CCC(NC2CCCCC2)CC1,didier14
692,N-ETHYLANILINE,358.1,1,CCNc1ccccc1,didier14
693,ACETANILIDE,446.1,1,CC(=O)Nc1ccccc1,didier14
697,"1,4-CYCLOHEXANEDIMETHANOL",434.1,1,OCC1CCC(CO)CC1,didier14
699,METHYL CYANOACETATE,383.1,1,COC(=O)CC#N,didier14
702,METHYL ACETOACETATE,343.0,1,COC(=O)CC(C)=O,didier14
703,DIETHYL MALONATE,366.1,1,CCOC(=O)CC(=O)OCC,didier14
704,ETHYL n-BUTYRATE,297.1,1,CCCC(=O)OCC,didier14
706,METHYL DIETHANOLAMINE,399.8,1,CN(CCO)CCO,didier14
709,DIBUTYL MALEATE,413.0,1,CCCCOC(=O)/C=C\C(=O)OCCCC,didier14
711,n-PROPYL PROPIONATE,292.1,1,CCCOC(=O)CC,didier14
713,p-CRESOL,368.0,1,Cc1ccc(O)cc1,didier14
715,p-CHLOROANILINE,386.0,1,Nc1ccc(Cl)cc1,didier14
716,p-CHLOROPHENOL,389.0,1,Oc1ccc(Cl)cc1,didier14
718,p-PHENYLENEDIAMINE,428.7,1,Nc1ccc(N)cc1,didier14
721,3-METHYL-3-ETHYLPENTANE,276.0,1,CCC(C)(CC)CC,didier14
727,2-CHLOROETHANOL,313.7,1,OCCCl,didier14
734,GLYOXAL,262.0,1,O=CC=O,didier14
735,CHLOROMETHYL METHYL ETHER,255.0,1,COCCl,didier14
736,HEXYLENE GLYCOL,366.0,1,OCCCCCCO,didier14
742,PROPYLENE GLYCOL MONOMETHYL ETHER,305.0,1,COCC(C)O,didier14
744,METHYL ISOBUTYL KETONE,286.1,1,CC(=O)CC(C)C,didier14
750,m-CHLOROANILINE,378.0,1,Nc1cccc(Cl)c1,didier14
751,m-CHLOROPHENOL,364.0,1,Oc1cccc(Cl)c1,didier14
756,DIMETHYLMALONATE,363.1,1,CC(C)(C(=O)[O-])C(=O)[O-],didier14
769,DIBUTYL SEBACATE,451.1,1,CCCCOC(=O)CCCCCCCCC(=O)OCCCC,didier14
783,DIETHYLAMINE,234.2,1,CCNCC,didier14
784,DI-t-BUTYL PEROXIDE,291.0,1,CC(C)(C)OOC(C)(C)C,didier14
786,SUCCINIC ACID,489.0,1,O=C(O)CCC(=O)O,didier14
787,FUMARIC ACID,471.0,1,O=C(O)/C=C/C(=O)O,didier14
790,METHYL DECANOATE,367.1,1,CCCCCCCCCC(=O)OC,didier14
793,"1,4-DICHLOROBUTANE",313.1,1,ClCCCCCl,didier14
794,"1,4-DICHLORO-trans-2-BUTENE",326.1,1,ClC/C=C/CCl,didier14
796,SUCCINONITRILE,405.0,1,N#CCCC#N,didier14
798,"1,4-BUTANEDIOL",407.1,1,OCCCCO,didier14
800,3-METHOXYPROPIONITRILE,338.1,1,COCCC#N,didier14
803,CYCLOHEXANE,253.2,1,C1CCCCC1,didier14
806,DIGLYCOLIC ACID,500.0,1,O=C(O)COCC(=O)O,didier14
810,2-ETHOXYETHYL ACETATE,328.0,1,CCOCCOC(C)=O,didier14
812,SEBACIC ACID,496.0,1,O=C(O)CCCCCCCCC(=O)O,didier14
815,"1,5-PENTANEDIOL",402.1,1,OCCCCCO,didier14
816,GLUTARALDEHYDE,355.0,1,O=CCCCC=O,didier14
819,DIETHYLENETRIAMINE,372.0,1,NCCNCCN,didier14
821,DIETHANOLAMINE,425.0,1,OCCNCCO,didier14
822,DI(2-CHLOROETHYL)ETHER,328.1,1,ClCCOCCCl,didier14
824,HYDROXYPIVALYL HYDROXYPIVALATE,426.0,1,CC(C)(CO)C(=O)OC(=O)C(C)(C)CO,didier14
834,DI-(2-CHLOROETHOXY)METHANE,383.1,1,ClCCOCOCCCl,didier14
837,"1,4-DICYANO-2-BUTENE",418.0,1,N#CCC=CCC#N,didier14
841,DIETHYLENE GLYCOL ETHYL ETHER ACETATE,380.0,1,CCOCCOCCOC(C)=O,didier14
842,n-DECYL ACETATE,377.0,1,CCCCCCCCCCOC(C)=O,didier14
844,2-HEXOXYETHANOL,355.0,1,CCCCCCOCCO,didier14
846,CYCLOPENTYLACETIC ACID,382.1,1,O=C(O)CC1CCCC1,didier14
849,n-OCTYL FORMATE,337.0,1,CCCCCCCCOC=O,didier14
851,TRIETHYLENE GLYCOL MONOMETHYL ETHER,387.6,1,COCCOCCOCCO,didier14
856,"DECAN-1,10-DIOL",425.1,1,OCCCCCCCCCCO,didier14
857,TRIETHYLENE GLYCOL DIMETHYL ETHER,383.1,1,COCCOCCOCCOC,didier14
860,DODECANAL,374.1,1,CCCCCCCCCCCC=O,didier14
861,TETRAETHYLENEPENTAMINE,436.0,1,NCCNCCNCCNCCN,didier14
862,2-(2-HEXOXYETHOXY)ETHANOL,408.1,1,CCCCCCOCCOCCO,didier14
863,TETRAETHYLENE GLYCOL,469.0,1,OCCOCCOCCOCCO,didier14
865,DIETHYLENE GLYCOL DI-n-BUTYL ETHER,391.1,1,CCCCOCCOCCOCCCC,didier14
866,1-ETHYLNAPHTHALENE,384.1,1,CCc1cccc2ccccc12,didier14
869,PROPYLENE,165.0,1,C=CC,didier14
870,PENTAERYTHRITOL,533.1,1,OCC(CO)(CO)CO,didier14
872,"2,2,3,4-TETRAMETHYLPENTANE",284.0,1,CC(C)C(C)C(C)(C)C,didier14
873,o-CHLOROBENZOIC ACID,435.0,1,O=C(O)c1ccccc1Cl,didier14
874,2-HYDROXYACETOPHENONE,371.1,1,O=C(CO)c1ccccc1,didier14
878,ISOQUINOLINE,380.1,1,c1ccc2cnccc2c1,didier14
879,2-FORMYL BENZOIC ACID,436.0,1,O=Cc1ccccc1C(=O)O,didier14
881,"1,2-BENZENEDIOL",400.0,1,Oc1ccccc1O,didier14
883,ETHYL VANILLIN,445.0,1,CCOc1cc(C=O)ccc1O,didier14
889,HYDRAZOBENZENE,503.0,1,c1ccc(NNc2ccccc2)cc1,didier14
890,p-ETHYLPHENOL,373.1,1,CCc1ccc(O)cc1,didier14
891,p-HYDROXYBENZALDEHYDE,445.0,1,O=Cc1ccc(O)cc1,didier14
893,DIETHYL SUCCINATE,363.0,1,CCOC(=O)CCC(=O)OCC,didier14
895,N-METHYLFORMAMIDE,376.0,1,CNC=O,didier14
896,DIACETONE ALCOHOL,331.0,1,CC(=O)CC(C)(C)O,didier14
898,ACETYLACETONE,307.1,1,CC(=O)CC(C)=O,didier14
900,LEVULINIC ACID,410.0,1,CC(=O)CCC(=O)O,didier14
901,DIOCTYL ADIPATE,500.1,1,CCCCCCCCOC(=O)CCCCC(=O)OCCCCCCCC,didier14
905,AZELAIC ACID,492.0,1,O=C(O)CCCCCCCC(=O)O,didier14
914,NEOPENTYL GLYCOL,371.1,1,CC(C)(CO)CO,didier14
915,PYRUVIC ACID,355.1,1,CC(=O)C(=O)O,didier14
916,"N,N-DIMETHYLACETAMIDE",336.1,1,CC(=O)N(C)C,didier14
917,PYRENE,472.0,1,c1cc2ccc3cccc4ccc(c1)c2c34,didier14
918,DIMETHYL PHTHALATE,419.0,1,COC(=O)c1ccccc1C(=O)OC,didier14
919,DI-n-PROPYL PHTHALATE,433.0,1,CCCOC(=O)c1ccccc1C(=O)OCCC,didier14
920,trans-3-HEXENE,261.1,1,CC/C=C/CC,didier14
929,"trans-1,4-DIETHYLCYCLOHEXANE",320.0,1,CC[C@H]1CC[C@H](CC)CC1,didier14
930,DIETHYL MALEATE,366.1,1,CCOC(=O)/C=C\C(=O)OCC,didier14
937,"1,3-DICHLOROPROPANE",294.1,1,ClCCCCl,didier14
939,n-HEPTANE,269.0,1,CCCCCCC,didier14
945,TETRAETHYLENE GLYCOL DIMETHYL ETHER,414.1,1,COCCOCCOCCOCCOC,didier14
946,"2,2,4-TRIMETHYL-1,3-PENTANEDIOL",383.1,1,CC(C)C(O)C(C)(C)CO,didier14
948,trans-2-HEPTENE,272.0,1,C/C=C/CCCC,didier14
949,trans-3-HEPTENE,267.1,1,CC/C=C/CCC,didier14
950,"1,4-DICHLORO-cis-2-BUTENE",323.0,1,ClC/C=C\CCl,didier14
957,p-METHOXYPHENOL,398.0,1,COc1ccc(O)cc1,didier14
959,TETRAETHYLENE GLYCOL MONOBUTYL ETHER,436.0,1,CCCCOCCOCCOCCOCCO,didier14
961,"cis-1,2-DICHLOROETHYLENE",277.0,1,Cl/C=C\Cl,didier14
963,3-AMINO-1-PROPANOL,352.6,1,NCCCO,didier14
965,1-ETHOXY-2-PROPANOL,315.1,1,CCOCC(C)O,didier14
970,METHYL tert-BUTYL ETHER,240.2,1,COC(C)(C)C,didier14
971,1-n-BUTYLNAPHTHALENE,401.0,1,CCCCc1cccc2ccccc12,didier14
975,BIS(CYANOETHYL)ETHER,445.0,1,N#CCCOCCC#N,didier14
976,"2,4,4-TRIMETHYLHEXANE",283.0,1,CCC(C)(C)CC(C)C,didier14
977,"2,3,3,4-TETRAMETHYLPENTANE",304.0,1,CC(C)C(C)(C)C(C)C,didier14
983,n-DECYLCYCLOHEXANE,404.0,1,CCCCCCCCCCC1CCCCC1,didier14
984,1-TRIACONTENE,517.0,1,C=CCCCCCCCCCCCCCCCCCCCCCCCCCCCC,didier14
988,n-PROPYLCYCLOPENTANE,288.0,1,CCCC1CCCC1,didier14
989,DIMERCAPTOETHYL ETHER,371.1,1,SC(S)COCC(S)S,didier14
991,CHRYSENE,510.0,1,c1ccc2c(c1)ccc1c3ccccc3ccc21,didier14
995,ETHYLENE GLYCOL DIACRYLATE,373.1,1,C=CC(=O)OCCOC(=O)C=C,didier14
996,tert-BUTYLFORMAMIDE,368.1,1,CC(C)(C)NC=O,didier14
998,AMINOCAPRONITRILE,378.0,1,CCCCC(N)C#N,didier14
999,"BENZENE-1,2,4-TRICARBOXYLIC ACID TRIMETHYL ESTER",468.0,1,COC(=O)c1ccc(C(=O)OC)c(C(=O)OC)c1,didier14
1001,TRIPROPYLENE GLYCOL,413.1,1,CC(O)COC(C)COC(C)CO,didier14
1003,TRIPROPYLENE GLYCOL MONOMETHYL ETHER,384.0,1,COC(C)COC(C)COC(C)CO,didier14
1004,4-HYDROXYBUTYRALDEHYDE,346.0,1,O=CCCCO,didier14
1005,ACRIDINE,445.0,1,c1ccc2nc3ccccc3cc2c1,didier14
1007,1-n-DECYLNAPHTHALENE,458.0,1,CCCCCCCCCCc1cccc2ccccc12,didier14
1012,ADAMANTANE,316.0,1,C1C2CC3CC1CC(C2)C3,didier14
1013,DIISONONYL PHTHALATE,489.0,1,CC(C)CCCCCCOC(=O)c1ccccc1C(=O)OCCCCCCC(C)C,didier14
1014,1-n-HEXYLNAPHTHALENE,425.0,1,CCCCCCc1cccc2ccccc12,didier14
1017,DIPROPYLENE GLYCOL n-PROPYL ETHER,370.9,1,CCCOC(C)COC(C)CO,didier14
1018,DIPROPYLENE GLYCOL MONOETHYL ETHER,364.0,1,CCOC(C)COC(C)CO,didier14
1019,4-HYDROXYMETHYL BENZOIC ACID,495.0,1,O=C(O)c1ccc(CO)cc1,didier14
1020,HYDRAZINE,311.0,1,NN,didier14
1022,ETHYLBENZENE HYDROPEROXIDE,414.0,1,CCc1ccccc1.[O-]O,didier14
1026,DIPROPYLENE GLYCOL MONOMETHYL ETHER,347.1,1,COC(C)COC(C)CO,didier14
1027,"2,2,5-TRIMETHYLHEXANE",286.0,1,CC(C)CCC(C)(C)C,didier14
1028,DI-n-UNDECYL PHTHALATE,535.0,1,CCCCCCCCCCCOC(=O)c1ccccc1C(=O)OCCCCCCCCCCC,didier14
1029,DI-n-HEPTYL PHTHALATE,485.0,1,CCCCCCCOC(=O)c1ccccc1C(=O)OCCCCCCC,didier14
1030,"1,2,3,4-TETRAMETHYLCYCLOHEXANE",319.0,1,CC1CCC(C)C(C)C1C,didier14
1031,6-AMINOHEXANAMIDE,444.0,1,NCCCCCC(N)=O,didier14
1032,3-HYDROXY-2-METHYL PROPIONALDEHYDE,352.0,1,CC(C=O)CO,didier14
1034,1-ISOPROPOXY-2-PROPANOL,309.0,1,CC(O)COC(C)C,didier14
1035,ALLYL-TERT-BUTYLPEROXIDE,286.0,1,C=CCOOC(C)(C)C,didier14
1036,6-AMINOHEXANOL,390.0,1,NCCCCCCO,didier14
1037,"N,N'-DI-tert-BUTYLETHYLENEDIAMINE",334.0,1,CC(C)(C)NCCNC(C)(C)C,didier14
1038,CYCLOHEXYL FORMATE,324.1,1,O=COC1CCCCC1,didier14
1039,"1,2,3-BUTANETRIOL",474.0,1,CC(O)C(O)CO,didier14
1040,CYANOGEN,204.0,1,N#CC#N,didier14
1043,n-BUTYLHYDROPEROXIDE,325.0,1,CCCCOO,didier14
1045,CITRACONIC ACID,493.0,1,C/C(=C/C(=O)O)C(=O)O,didier14
1046,FORMALDEHYDE,206.0,1,C=O,didier14
1050,SUBERIC ACID,489.0,1,O=C(O)CCCCCCC(=O)O,didier14
1054,"2,3-BUTANEDIOL",358.1,1,CC(O)C(C)O,didier14
1060,AMINOACETONITRILE,339.0,1,N#CCN,didier14
1062,m-DICHLOROBENZENE,345.0,1,Clc1cccc(Cl)c1,didier14
1063,ETHYLIDENE DIACETATE,337.0,1,CC(=O)OC(C)OC(C)=O,didier14
1067,GLUTARONITRILE,417.0,1,N#CCCCC#N,didier14
1069,METHYL ISOBUTYRATE,276.1,1,COC(=O)C(C)C,didier14
1070,METHYL LACTATE,322.1,1,COC(=O)C(C)O,didier14
1072,BENZAMIDE,430.0,1,NC(=O)c1ccccc1,didier14
1073,METHYL PROPIONATE,271.0,1,CCC(=O)OC,didier14
1075,"2,3,3-TRIMETHYLPENTANE",273.0,1,CCC(C)(C)C(C)C,didier14
1083,"2,3,4-TRIMETHYLPENTANE",273.0,1,CC(C)C(C)C(C)C,didier14
1084,DIISOPROPYL KETONE,288.1,1,CC(C)C(=O)C(C)C,didier14
1086,"1,2-PROPYLENE GLYCOL",372.0,1,CC(O)CO,didier14
1088,"2,6-DIMETHYLNAPHTHALENE",381.0,1,Cc1ccc2cc(C)ccc2c1,didier14
1094,1-tert-BUTOXY-2-[2-(HYDROXY)PROPOXY]PROPANE,400.0,1,CC(O)COC(C)COC(C)(C)C,didier14
1099,n-BUTYL PROPIONATE,305.4,1,CCCCOC(=O)CC,didier14
1101,1-METHYLCYCLOHEXANOL,338.1,1,CC1(O)CCCCC1,didier14
1109,n-HEPTACOSANE,475.0,1,CCCCCCCCCCCCCCCCCCCCCCCCCCC,didier14
1111,NEOHEXANOIC ACID,352.1,1,CC(C)(C)CC(=O)O,didier14
1115,2-MERCAPTOETHANOL,340.1,1,OCCS,didier14
1118,ACETAMIDE,398.0,1,CC(N)=O,didier14
1119,1-PHENYLNAPHTHALENE,435.0,1,c1ccc(-c2cccc3ccccc23)cc1,didier14
1120,"2,6-DINITROTOLUENE",417.0,1,Cc1c([N+](=O)[O-])cccc1[N+](=O)[O-],didier14
1122,"3,4-DINITROTOLUENE",453.0,1,Cc1ccc([N+](=O)[O-])c([N+](=O)[O-])c1,didier14
1123,o-ETHYLTOLUENE,312.1,1,CCc1ccccc1C,didier14
1124,"cis-2-BUTENE-1,4-DIOL",401.1,1,OC/C=C\CO,didier14
1125,"1,2-DICHLOROBUTANE",297.0,1,CCC(Cl)CCl,didier14
1127,METHYL t-BUTYL SULFIDE,270.1,1,CSC(C)(C)C,didier14
1128,DIMETHYL CARBONATE,289.9,1,COC(=O)OC,didier14
1129,m-CHLOROBENZOYL CHLORIDE,372.0,1,O=C(Cl)c1cccc(Cl)c1,didier14
1130,"3,5-DINITROTOLUENE",443.0,1,Cc1cc([N+](=O)[O-])cc([N+](=O)[O-])c1,didier14
1131,"2,5-DINITROTOLUENE",438.0,1,Cc1cc([N+](=O)[O-])ccc1[N+](=O)[O-],didier14
1132,2-PENTOXYETHANOL,347.0,1,CCCCCOCCO,didier14
1133,4-CARBOXYBENZALDEHYDE,548.0,1,O=Cc1ccc(C(=O)O)cc1,didier14
1134,"1,4-CYCLOHEXANEDICARBOXYLIC ACID",508.1,1,O=C(O)C1CCC(C(=O)O)CC1,didier14
1137,CYCLOHEXYL ACETATE,330.1,1,CC(=O)OC1CCCCC1,didier14
1138,p-ETHYLTOLUENE,309.1,1,CCc1ccc(C)cc1,didier14
1139,METHYL n-BUTYRATE,287.0,1,CCCC(=O)OC,didier14
1141,METHYL ETHYL SULFIDE,258.1,1,CCSC,didier14
1146,1-NITROBUTANE,320.1,1,CCCC[N+](=O)[O-],didier14
1147,1-CHLORO-3-PROPANOL,346.1,1,OCCCCl,didier14
1153,"2,2'-IMINOBIS-ACETONITRILE",413.0,1,N#CCNCC#N,didier14
1160,n-OCTACOSANE,475.0,1,CCCCCCCCCCCCCCCCCCCCCCCCCCCC,didier14
1161,n-NONACOSANE,475.0,1,CCCCCCCCCCCCCCCCCCCCCCCCCCCCC,didier14
1163,n-TRIACONTANE,475.0,1,CCCCCCCCCCCCCCCCCCCCCCCCCCCCCC,didier14
1165,ACETIC ACID,316.0,1,CC(=O)O,didier14
1167,trans-2-PENTENE,225.0,1,C/C=C/CC,didier14
1168,n-NONYL n-UNDECYL PHTHALATE,524.0,1,CCCCCCCCCCCOC(=O)c1ccccc1C(=O)OCCCCCCCCC,didier14
1173,THIOGLYCOLIC ACID,398.0,1,O=C(O)CS,didier14
1174,"N,N-DIMETHYLFORMAMIDE",331.0,1,CN(C)C=O,didier14
1175,"2,2,4-TRIMETHYL-1,3-PENTANEDIOL DIISOBUTYRATE",394.0,1,CC(C)C(=O)OCC(C)(C)C(OC(=O)C(C)C)C(C)C,didier14
1176,DIETHYLENE GLYCOL MONOPROPYL ETHER,372.0,1,CCCOCCOCCO,didier14
1178,ISOPROPYLCYCLOHEXANE,308.1,1,CC(C)C1CCCCC1,didier14
1179,SALICYLIC ACID,430.0,1,O=C(O)c1ccccc1O,didier14
1180,"1,3-DIMETHYLADAMANTANE",325.1,1,CC12CC3CC(C1)CC(C)(C3)C2,didier14
1181,sec-BUTYLCYCLOHEXANE,319.0,1,CCC(C)C1CCCCC1,didier14
1189,"2,2',2''-NITRILOTRIS-ACETONITRILE",487.0,1,N#CCN(CC#N)CC#N,didier14
1190,ETHANE,138.2,1,CC,didier14
1191,ETHYLENE,124.0,1,C=C,didier14
1195,ACETALDEHYDE,235.0,1,CC=O,didier14
1202,NITROMETHANE,308.1,1,C[N+](=O)[O-],didier14
1204,"2,3-DICHLOROBUTANE",291.1,1,CC(Cl)C(C)Cl,didier14
1207,TRICHLOROACETALDEHYDE,323.0,1,O=CC(Cl)(Cl)Cl,didier14
1208,TRIPROPYLENE GLYCOL MONOETHYL ETHER,405.0,1,CCOC(C)COC(C)COC(C)CO,didier14
1212,"3,4-DICHLORO-1-BUTENE",301.1,1,C=CC(Cl)CCl,didier14
1213,ETHYL-3-ETHOXYPROPIONATE,331.1,1,CCOCCC(=O)OCC,didier14
1214,cis-2-OCTENE,294.0,1,C/C=C\CCCCC,didier14
1215,cis-4-OCTENE,290.0,1,CCC/C=C\CCC,didier14
1219,CITRIC ACID,549.0,1,O=C(O)CC(O)(CC(=O)O)C(=O)O,didier14
1220,TRIMETHYLOLPROPANE,445.1,1,CCC(CO)(CO)CO,didier14
1223,ISOBUTYRONITRILE,281.5,1,CC(C)C#N,didier14
1227,"2,3-DICHLOROPROPENE",283.1,1,C=C(Cl)CCl,didier14
1228,"1,2-PROPANEDIAMINE",306.1,1,CC(N)CN,didier14
1231,LACTONITRILE,350.1,1,CC(O)C#N,didier14
1232,N-METHYLACETAMIDE,381.1,1,CNC(C)=O,didier14
1235,METHYL CHLOROFORMATE,285.1,1,COC(=O)Cl,didier14
1236,NITROETHANE,301.0,1,CC[N+](=O)[O-],didier14
1238,DICHLOROACETYL CHLORIDE,339.0,1,O=C(Cl)C(Cl)Cl,didier14
1240,2-NITROPROPANE,297.1,1,CC(C)[N+](=O)[O-],didier14
1241,BISPHENOL A,480.1,1,CC(C)(c1ccc(O)cc1)c1ccc(O)cc1,didier14
1243,p-MENTHANE HYDROPEROXIDE,404.0,1,CC1CCC(C(C)C)CC1.[O-]O,didier14
1244,2-HYDROXYETHYL ACRYLATE,371.1,1,C=CC(=O)OCCO,didier14
1245,"trans-2-BUTENE-1,4-DIOL",401.1,1,OC/C=C/CO,didier14
1247,"2,6-DIAMINOTOLUENE",419.0,1,Cc1c(N)cccc1N,didier14
1248,CYCLOHEXYLBENZENE,372.0,1,c1ccc(C2CCCCC2)cc1,didier14
1249,"DIMETHYL-2,6-NAPHTHALENEDICARBOXYLATE",479.0,1,COC(=O)c1ccc2cc(C(=O)OC)ccc2c1,didier14
1251,ANTHRAQUINONE,458.1,1,O=C1c2ccccc2C(=O)c2ccccc21,didier14
1253,DIISOBUTYL PHTHALATE,434.1,1,CC(C)COC(=O)c1ccccc1C(=O)OCC(C)C,didier14
1254,DI-n-BUTYL PHTHALATE,430.1,1,CCCCOC(=O)c1ccccc1C(=O)OCCCC,didier14
1257,DI-n-DECYL PHTHALATE,505.0,1,CCCCCCCCCCOC(=O)c1ccccc1C(=O)OCCCCCCCCCC,didier14
1263,"1,2,3-TRICHLOROBENZENE",386.0,1,Clc1cccc(Cl)c1Cl,didier14
1264,"1,2,3-BENZENETRIOL",458.0,1,Oc1cccc(O)c1O,didier14
1265,"HEXACHLORO-1,3-BUTADIENE",395.0,1,ClC(Cl)=C(Cl)C(Cl)=C(Cl)Cl,didier14
1268,o-NITROANILINE,441.1,1,Nc1ccccc1[N+](=O)[O-],didier14
1269,DIPROPYLENE GLYCOL MONOMETHYL ETHER ACETATE,359.0,1,COC(C)COC(C)COC(C)=O,didier14
1270,PHTHALIC ACID,477.0,1,O=C(O)c1ccccc1C(=O)O,didier14
1273,SALICYLALDEHYDE,349.1,1,O=Cc1ccccc1O,didier14
1274,GUAIACOL,355.0,1,COc1ccccc1O,didier14
1275,1-METHYLNAPHTHALENE,355.1,1,Cc1cccc2ccccc12,didier14
1276,1-CHLORONAPHTHALENE,394.1,1,Clc1cccc2ccccc12,didier14
1278,QUINOLINE,374.0,1,c1ccc2ncccc2c1,didier14
1280,QUINALDINE,352.6,1,Cc1ccc2ccccc2n1,didier14
1282,2-HYDROXYPROPYL METHACRYLATE,369.1,1,C=C(C)C(=O)OCC(C)O,didier14
1283,BICYCLOHEXYL,347.1,1,C1CCC(C2CCCCC2)CC1,didier14
1286,MALEONITRILE,389.0,1,N#C/C=C\C#N,didier14
1287,BENZIDINE,521.0,1,Nc1ccc(-c2ccc(N)cc2)cc1,didier14
1293,o-CRESOL,354.0,1,Cc1ccccc1O,didier14
1294,o-DICHLOROBENZENE,339.0,1,Clc1ccccc1Cl,didier14
1295,o-CHLOROANILINE,363.7,1,Nc1ccccc1Cl,didier14
1302,DIETHYL OXALATE,339.2,1,CCOC(=O)C(=O)OCC,didier14
1303,BIS-(2-HYDROXYETHYL) TEREPHTHALATE,545.0,1,O=C(OCCO)c1ccc(C(=O)OCCO)cc1,didier14
1305,"1,2,3-TRICHLOROPROPANE",347.0,1,ClCC(Cl)CCl,didier14
1307,"1,3-DICHLORO-2-PROPANOL",358.1,1,OC(CCl)CCl,didier14
1309,METHYL CHLOROACETATE,324.8,1,COC(=O)CCl,didier14
1311,METHYLCYCLOPENTANE,246.0,1,CC1CCCC1,didier14
1312,"1-CHLORO-2,4-DINITROBENZENE",467.0,1,O=[N+]([O-])c1ccc(Cl)c([N+](=O)[O-])c1,didier14
1313,ETHYL ISOBUTYRATE,287.0,1,CCOC(=O)C(C)C,didier14
1314,ETHYL LACTATE,319.1,1,CCOC(=O)C(C)O,didier14
1317,tert-BUTYLBENZENE,333.1,1,CC(C)(C)c1ccccc1,didier14
1318,p-tert-BUTYLCATECHOL,403.0,1,CC(C)(C)c1ccc(O)c(O)c1,didier14
1322,METHYL tert-PENTYL ETHER,262.1,1,CCC(C)(C)OC,didier14
1325,DIALLYL MALEATE,393.0,1,C=CCOC(=O)/C=C\C(=O)OCC=C,didier14
1326,2-HYDROXYPROPYL ACRYLATE,372.1,1,C=CC(=O)OCC(C)O,didier14
4,2-Ethylhexanol,346.0,1,CCCCC(CC)CO,didier14
5,"1,4-Diethylbenzene",330.0,1,CCc1ccc(CC)cc1,didier14
6,"1-Pentanol, 2-methyl-",323.1,1,CCCC(C)CO,didier14
11,"1,4-Dimethylbenzene",299.0,1,Cc1ccc(C)cc1,didier14
12,p-Toluidine,360.0,1,Cc1ccc(N)cc1,didier14
14,"Pentane, 3,3-diethyl-",294.0,1,CCC(CC)(CC)CC,didier14
17,Propanenitrile,279.1,1,CCC#N,didier14
19,"1,2-Ethanediamine",311.0,1,NCCN,didier14
20,"Octane, 2,7-dimethyl-",310.9,1,CC(C)CCCCC(C)C,didier14
21,1-Phenylhexane,356.1,1,CCCCCCc1ccccc1,didier14
22,"Benzene, heptyl-",370.6,1,CCCCCCCc1ccccc1,didier14
23,2-Pentanone,280.0,1,CCCC(C)=O,didier14
24,Butyric acid,345.1,1,CCCC(=O)O,didier14
25,"2-Pentanol, 4-methyl-",314.0,1,CC(C)CC(C)O,didier14
30,m-Toluidine,359.0,1,Cc1cccc(N)c1,didier14
31,"Pyridine, 2,6-dimethyl-",306.0,1,Cc1cccc(C)n1,didier14
32,Mesitylene,317.6,1,Cc1cc(C)cc(C)c1,didier14
33,"Cyclohexane, methyl-",269.1,1,CC1CCCCC1,didier14
34,Toluene,279.1,1,Cc1ccccc1,didier14
37,Phenol,352.1,1,Oc1ccccc1,didier14
38,"Pyridine, 3-methyl-",309.1,1,Cc1cccnc1,didier14
39,"Pyridine, 2-methyl-",299.1,1,Cc1ccccn1,didier14
40,"Butanoic acid, butyl ester",323.1,1,CCCCOC(=O)CCC,didier14
42,Propyl acetate,283.7,1,CCCOC(C)=O,didier14
44,1-Pentene,222.0,1,C=CCCC,didier14
45,1-Chlorobutane,263.8,1,CCCCCl,didier14
47,"1,3-Diaminopropane",322.1,1,NCCCN,didier14
48,Butanethiol,274.1,1,CCCCS,didier14
49,"Ethanol, 2-methoxy-",312.1,1,COCCO,didier14
50,"2-Hexanone, 5-methyl-",308.1,1,CC(=O)CCC(C)C,didier14
51,Isobutyl acetate,291.0,1,CC(=O)OCC(C)C,didier14
54,Valeraldehyde,285.1,1,CCCCC=O,didier14
55,1-Pentanethiol,291.1,1,CCCCCS,didier14
56,"1,2-Dimethoxyethane",271.5,1,COCCOC,didier14
57,Pyridine,293.1,1,c1ccncc1,didier14
59,Heptanoic acid,388.1,1,CCCCCCC(=O)O,didier14
62,Hexyl alcohol,333.1,1,CCCCCCO,didier14
64,n-Butylvinylether,272.0,1,C=COCCCC,didier14
65,Octane,287.1,1,CCCCCCCC,didier14
66,1-Octene,284.6,1,C=CCCCCCC,didier14
68,Nonane,304.1,1,CCCCCCCCC,didier14
70,"Ethanol, 2-(2-ethoxyethoxy)-",363.1,1,CCOCCOCCO,didier14
71,"1-Butanamine, N-butyl-",315.0,1,CCCCNCCCC,didier14
72,Undecane,339.1,1,CCCCCCCCCCC,didier14
73,Acetic acid octyl ester,356.1,1,CCCCCCCCOC(C)=O,didier14
75,Decanal,358.1,1,CCCCCCCCCC=O,didier14
76,1-Dodecene,346.1,1,C=CCCCCCCCCCC,didier14
77,1-Undecanol,386.1,1,CCCCCCCCCCCO,didier14
79,1-Dodecanol,400.0,1,CCCCCCCCCCCCO,didier14
80,1-Tetradecanol,421.1,1,CCCCCCCCCCCCCCO,didier14
81,1-Octadecene,421.1,1,C=CCCCCCCCCCCCCCCCC,didier14
82,Triethylamine,262.1,1,CCN(CC)CC,didier14
85,Propionaldehyde,243.2,1,CCC=O,didier14
86,"1-Butanol, 3-methyl-",316.0,1,CC(C)CCO,didier14
87,Butyraldehyde,262.1,1,CCCC=O,didier14
93,Octanal,324.1,1,CCCCCCCC=O,didier14
94,Decane,322.9,1,CCCCCCCCCC,didier14
95,1-Nonanal,336.1,1,CCCCCCCCC=O,didier14
96,Dimethylamine,223.2,1,CNC,didier14
97,1-Pentadecene,385.1,1,C=CCCCCCCCCCCCCC,didier14
98,"1,2-Diethylbenzene",330.4,1,CCc1ccccc1CC,didier14
101,Ethyl acetate,269.0,1,CCOC(C)=O,didier14
102,"1,3-Diethylbenzene",329.0,1,CCc1cccc(CC)c1,didier14
103,Hexanoic acid,375.1,1,CCCCCC(=O)O,didier14
105,Lauric acid,437.0,1,CCCCCCCCCCCC(=O)O,didier14
106,1-Nonanol,369.1,1,CCCCCCCCCO,didier14
107,NONYL ACETATE,372.1,1,CCCCCCCCCOC(C)=O,didier14
108,"Hexanoicacid, 2-ethyl-",383.1,1,CCCCC(CC)C(=O)O,didier14
109,1-PROPOXY-2-PROPANOL,321.1,1,CCCOCC(C)O,didier14
111,"Nonane, 5-methyl-",312.0,1,CCCCC(C)CCCC,didier14
112,1-Heptanethiol,323.6,1,CCCCCCCS,didier14
113,"Cyclopentane, ethyl-",273.1,1,CCC1CCCC1,didier14
114,"Cyclohexane, ethyl-",291.1,1,CCC1CCCCC1,didier14
115,"Cyclohexane, butyl-",325.6,1,CCCCC1CCCCC1,didier14
116,"Nonane, 4-methyl-",317.1,1,CCCCCC(C)CCC,didier14
117,"Octane, 3-methyl-",298.6,1,CCCCCC(C)CC,didier14
118,"Octane, 4-methyl-",296.1,1,CCCCC(C)CCC,didier14
122,"1-Hexene, 3-methyl-",267.1,1,C=CC(C)CCC,didier14
123,"1,2,3,4-Tetramethylbenzene",347.1,1,Cc1ccc(C)c(C)c1C,didier14
124,5-Nonanone,338.1,1,CCCCC(=O)CCCC,didier14
129,"Benzene, pentyl-",339.1,1,CCCCCc1ccccc1,didier14
131,"Pentane, 1-chloro-",284.1,1,CCCCCCl,didier14
132,Hexadecane,407.1,1,CCCCCCCCCCCCCCCC,didier14
133,"1-Butene, 3,3-dimethyl-",241.2,1,C=CC(C)(C)C,didier14
135,"2-Butene, 2,3-dimethyl-",257.1,1,CC(C)=C(C)C,didier14
136,3-Methyl-2-butanone,272.1,1,CC(=O)C(C)C,didier14
138,"3-Pentanone, 2-methyl-",286.1,1,CCC(=O)C(C)C,didier14
141,"Hexane, 3,4-dimethyl-",280.6,1,CCC(C)C(C)CC,didier14
142,3-Pentanol,303.1,1,CCC(O)CC,didier14
143,"1-Pentanol, 3-methyl-",331.1,1,CCC(C)CCO,didier14
146,"Heptane, 3-methyl-",279.1,1,CCCCC(C)CC,didier14
148,2-Hexanone,296.1,1,CCCCC(C)=O,didier14
152,1-Hexene,247.2,1,C=CCCCC,didier14
153,1-Heptene,265.1,1,C=CCCCCC,didier14
155,"2-Butanol, 3-methyl-",299.1,1,CC(C)C(C)O,didier14
158,"1-Hexene, 2-methyl-",267.1,1,C=C(C)CCCC,didier14
160,m-Ethyltoluene,311.1,1,CCc1cccc(C)c1,didier14
162,Aniline,344.1,1,Nc1ccccc1,didier14
163,2-Hexanol,318.1,1,CCCCC(C)O,didier14
166,Hexanenitrile,316.1,1,CCCCCC#N,didier14
171,Nonadecane,441.0,1,CCCCCCCCCCCCCCCCCCC,didier14
173,Benzoic acid,394.3,1,O=C(O)c1ccccc1,didier14
174,1-HEXANAL,300.0,1,CCCCCC=O,didier14
175,Isopropanol,285.1,1,CC(C)O,didier14
179,Benzene,262.0,1,c1ccccc1,didier14
180,"Pentane, 2,2,3,3-tetramethyl-",294.6,1,CCC(C)(C)C(C)(C)C,didier14
181,"3,3,5-Trimethylheptane",304.0,1,CCC(C)CC(C)(C)CC,didier14
182,Dimethyl sulfide,237.2,1,CSC,didier14
185,2-Propanethiol,239.0,1,CC(C)S,didier14
188,"2-Butanol, 2-methyl-",292.1,1,CCC(C)(C)O,didier14
189,Pinacolone,282.1,1,CC(=O)C(C)(C)C,didier14
190,"1-Pentene, 3-methyl-",245.2,1,C=CC(C)CC,didier14
191,"3-Pentanol, 3-methyl-",297.1,1,CCC(C)(O)CC,didier14
192,"1,2-Dimethoxypropane",273.1,1,COCC(C)OC,didier14
193,2-Methyl-1-propanol,302.3,1,CC(C)CO,didier14
195,sec-Butanol,296.1,1,CCC(C)O,didier14
196,Methyl acetate,260.1,1,COC(C)=O,didier14
198,"1,1':2',1''-Terphenyl",436.0,1,c1ccc(-c2ccccc2-c2ccccc2)cc1,didier14
199,"Nonane, 2-methyl-",314.0,1,CCCCCCCC(C)C,didier14
201,"Phenol, 2-ethyl-",358.1,1,CCc1ccccc1O,didier14
202,3-Nonanone,339.1,1,CCCCCCC(=O)CC,didier14
207,"1,2,4-TRIMETHYL BENZENE",318.6,1,Cc1ccc(C)c(C)c1,didier14
209,3-Pentanone,280.1,1,CCC(=O)CC,didier14
